Workbook

Sheet Summary
A1: Compliance Mapping Summary: ISO 27001 · NIST CSF 2.0 · DPDP Act
A2: All figures are formulas over Mapping_Matrix and Gap_Register. Change scores or thresholds and this sheet updates.
A4: Headline metrics
A5: Metric | B5: Value
A6: Requirements mapped | B6: =COUNTA(Mapping_Matrix!$A$5:$A$39) -> 35
A7: Avg ISO↔NIST alignment (0-3) | B7: =AVERAGE(Mapping_Matrix!$H$5:$H$39) -> 2.2857143
A8: Avg ISO↔DPDP alignment (0-3) | B8: =AVERAGE(Mapping_Matrix!$I$5:$I$39) -> 1.5428571
A9: Avg NIST↔DPDP alignment (0-3) | B9: =AVERAGE(Mapping_Matrix!$J$5:$J$39) -> 1.3428571
A10: Avg DPDP coverage via ISO+NIST | B10: =AVERAGE(Mapping_Matrix!$L$5:$L$39) -> 1.4428571
A11: Privacy-specific requirements | B11: =COUNTIF(Mapping_Matrix!$C$5:$C$39,"Privacy-specific") -> 14
A12: Privacy-specific with ISO↔DPDP and NIST↔DPDP both ≤1 | B12: =SUMPRODUCT((Mapping_Matrix!$C$5:$C$39="Privacy-specific")*(Mapping_Matrix!$I$5:$I$39<=1)*(Mapping_Matrix!$J$5:$J$39<=1)) -> 12
A13: Open gaps in Gap_Register | B13: =COUNTA(Gap_Register!$A$5:$A$18) -> 14
A14: Critical-priority requirements | B14: =COUNTIF(Mapping_Matrix!$P$5:$P$39,"Critical") -> 5
A16: Coverage status distribution (DPDP coverage via ISO+NIST)
A17: Status | B17: Count | C17: % of total
A18: Strong overlap | B18: =COUNTIF(Mapping_Matrix!$M$5:$M$39,A18) -> 5 | C18: =B18/$B$6 -> 0.14285714
A19: Partial overlap | B19: =COUNTIF(Mapping_Matrix!$M$5:$M$39,A19) -> 12 | C19: =B19/$B$6 -> 0.34285714
A20: Weak / indirect | B20: =COUNTIF(Mapping_Matrix!$M$5:$M$39,A20) -> 14 | C20: =B20/$B$6 -> 0.4
A21: Gap | B21: =COUNTIF(Mapping_Matrix!$M$5:$M$39,A21) -> 4 | C21: =B21/$B$6 -> 0.11428571
A22: Total | B22: =SUM(B18:B21) -> 35 | C22: =SUM(C18:C21) -> 1
A24: Alignment by theme (average scores, 0-3)
A25: Theme | B25: Requirements | C25: ISO↔NIST | D25: ISO↔DPDP | E25: NIST↔DPDP | F25: DPDP coverage
A26: Governance & Accountability | B26: =COUNTIF(Mapping_Matrix!$B$5:$B$39,A26) -> 5 | C26: =AVERAGEIF(Mapping_Matrix!$B$5:$B$39,$A26,Mapping_Matrix!$H$5:$H$39) -> 2.8 | D26: =AVERAGEIF(Mapping_Matrix!$B$5:$B$39,$A26,Mapping_Matrix!$I$5:$I$39) -> 2 | E26: =AVERAGEIF(Mapping_Matrix!$B$5:$B$39,$A26,Mapping_Matrix!$J$5:$J$39) -> 1.8 | F26: =AVERAGEIF(Mapping_Matrix!$B$5:$B$39,$A26,Mapping_Matrix!$L$5:$L$39) -> 1.9
A27: Risk & Assurance | B27: =COUNTIF(Mapping_Matrix!$B$5:$B$39,A27) -> 4 | C27: =AVERAGEIF(Mapping_Matrix!$B$5:$B$39,$A27,Mapping_Matrix!$H$5:$H$39) -> 2.75 | D27: =AVERAGEIF(Mapping_Matrix!$B$5:$B$39,$A27,Mapping_Matrix!$I$5:$I$39) -> 1.5 | E27: =AVERAGEIF(Mapping_Matrix!$B$5:$B$39,$A27,Mapping_Matrix!$J$5:$J$39) -> 1.5 | F27: =AVERAGEIF(Mapping_Matrix!$B$5:$B$39,$A27,Mapping_Matrix!$L$5:$L$39) -> 1.5
A28: Asset & Data Management | B28: =COUNTIF(Mapping_Matrix!$B$5:$B$39,A28) -> 5 | C28: =AVERAGEIF(Mapping_Matrix!$B$5:$B$39,$A28,Mapping_Matrix!$H$5:$H$39) -> 2.2 | D28: =AVERAGEIF(Mapping_Matrix!$B$5:$B$39,$A28,Mapping_Matrix!$I$5:$I$39) -> 1.2 | E28: =AVERAGEIF(Mapping_Matrix!$B$5:$B$39,$A28,Mapping_Matrix!$J$5:$J$39) -> 0.8 | F28: =AVERAGEIF(Mapping_Matrix!$B$5:$B$39,$A28,Mapping_Matrix!$L$5:$L$39) -> 1
A29: Consent & Notice | B29: =COUNTIF(Mapping_Matrix!$B$5:$B$39,A29) -> 3 | C29: =AVERAGEIF(Mapping_Matrix!$B$5:$B$39,$A29,Mapping_Matrix!$H$5:$H$39) -> 0 | D29: =AVERAGEIF(Mapping_Matrix!$B$5:$B$39,$A29,Mapping_Matrix!$I$5:$I$39) -> 0 | E29: =AVERAGEIF(Mapping_Matrix!$B$5:$B$39,$A29,Mapping_Matrix!$J$5:$J$39) -> 0 | F29: =AVERAGEIF(Mapping_Matrix!$B$5:$B$39,$A29,Mapping_Matrix!$L$5:$L$39) -> 0
A30: Data Principal Rights | B30: =COUNTIF(Mapping_Matrix!$B$5:$B$39,A30) -> 3 | C30: =AVERAGEIF(Mapping_Matrix!$B$5:$B$39,$A30,Mapping_Matrix!$H$5:$H$39) -> 0.33333333 | D30: =AVERAGEIF(Mapping_Matrix!$B$5:$B$39,$A30,Mapping_Matrix!$I$5:$I$39) -> 1 | E30: =AVERAGEIF(Mapping_Matrix!$B$5:$B$39,$A30,Mapping_Matrix!$J$5:$J$39) -> 0 | F30: =AVERAGEIF(Mapping_Matrix!$B$5:$B$39,$A30,Mapping_Matrix!$L$5:$L$39) -> 0.5
A31: Security Safeguards | B31: =COUNTIF(Mapping_Matrix!$B$5:$B$39,A31) -> 9 | C31: =AVERAGEIF(Mapping_Matrix!$B$5:$B$39,$A31,Mapping_Matrix!$H$5:$H$39) -> 3 | D31: =AVERAGEIF(Mapping_Matrix!$B$5:$B$39,$A31,Mapping_Matrix!$I$5:$I$39) -> 2.2222222 | E31: =AVERAGEIF(Mapping_Matrix!$B$5:$B$39,$A31,Mapping_Matrix!$J$5:$J$39) -> 2.2222222 | F31: =AVERAGEIF(Mapping_Matrix!$B$5:$B$39,$A31,Mapping_Matrix!$L$5:$L$39) -> 2.2222222
A32: People & Physical | B32: =COUNTIF(Mapping_Matrix!$B$5:$B$39,A32) -> 2 | C32: =AVERAGEIF(Mapping_Matrix!$B$5:$B$39,$A32,Mapping_Matrix!$H$5:$H$39) -> 3 | D32: =AVERAGEIF(Mapping_Matrix!$B$5:$B$39,$A32,Mapping_Matrix!$I$5:$I$39) -> 1.5 | E32: =AVERAGEIF(Mapping_Matrix!$B$5:$B$39,$A32,Mapping_Matrix!$J$5:$J$39) -> 1.5 | F32: =AVERAGEIF(Mapping_Matrix!$B$5:$B$39,$A32,Mapping_Matrix!$L$5:$L$39) -> 1.5
A33: Incident & Breach | B33: =COUNTIF(Mapping_Matrix!$B$5:$B$39,A33) -> 2 | C33: =AVERAGEIF(Mapping_Matrix!$B$5:$B$39,$A33,Mapping_Matrix!$H$5:$H$39) -> 3 | D33: =AVERAGEIF(Mapping_Matrix!$B$5:$B$39,$A33,Mapping_Matrix!$I$5:$I$39) -> 1.5 | E33: =AVERAGEIF(Mapping_Matrix!$B$5:$B$39,$A33,Mapping_Matrix!$J$5:$J$39) -> 1.5 | F33: =AVERAGEIF(Mapping_Matrix!$B$5:$B$39,$A33,Mapping_Matrix!$L$5:$L$39) -> 1.5
A34: Supplier & Transfers | B34: =COUNTIF(Mapping_Matrix!$B$5:$B$39,A34) -> 2 | C34: =AVERAGEIF(Mapping_Matrix!$B$5:$B$39,$A34,Mapping_Matrix!$H$5:$H$39) -> 2 | D34: =AVERAGEIF(Mapping_Matrix!$B$5:$B$39,$A34,Mapping_Matrix!$I$5:$I$39) -> 1.5 | E34: =AVERAGEIF(Mapping_Matrix!$B$5:$B$39,$A34,Mapping_Matrix!$J$5:$J$39) -> 1 | F34: =AVERAGEIF(Mapping_Matrix!$B$5:$B$39,$A34,Mapping_Matrix!$L$5:$L$39) -> 1.25
A36: Priority counts (all requirements)
A37: Priority | B37: Count
A38: Critical | B38: =COUNTIF(Mapping_Matrix!$P$5:$P$39,A38) -> 5
A39: High | B39: =COUNTIF(Mapping_Matrix!$P$5:$P$39,A39) -> 14
A40: Medium | B40: =COUNTIF(Mapping_Matrix!$P$5:$P$39,A40) -> 10
A41: Low | B41: =COUNTIF(Mapping_Matrix!$P$5:$P$39,A41) -> 6

Sheet Mapping_Matrix
A1: Compliance Mapping Matrix: ISO/IEC 27001:2022 vs NIST CSF 2.0 vs India DPDP Act 2023 / Rules 2025
A2: Scores 0-3 (see Legend). Blue = input scores; black = formulas. Status is driven by thresholds on the Legend sheet. Scores are judgement-based; validate before audit use.
A4: ID | B4: Theme | C4: Requirement type | D4: Requirement / control objective | E4: ISO/IEC 27001:2022 | F4: NIST CSF 2.0 | G4: DPDP Act 2023 / Rules 2025 | H4: ISO↔NIST (0-3) | I4: ISO↔DPDP (0-3) | J4: NIST↔DPDP (0-3) | K4: Avg alignment (all pairs) | L4: DPDP coverage via ISO+NIST | M4: Status | N4: Overlap / gap analysis | O4: Recommended action | P4: Priority
A5: GOV-01 | B5: Governance & Accountability | C5: Governance | D5: Leadership accountability and ownership of the programme | E5: Cl. 5.1, 5.3; A.5.2, A.5.4 | F5: GV.RR-01, GV.RR-02, GV.OC-01 | G5: S.8(1) (fiduciary responsible, incl. for processors); S.10 (SDF) | H5: 3 | I5: 2 | J5: 2 | K5: =AVERAGE(H5:J5) -> 2.3333333 | L5: =AVERAGE(I5:J5) -> 2 | M5: =IF(L5>=Legend!$B$11,"Strong overlap",IF(L5>=Legend!$B$12,"Partial overlap",IF(L5>=Legend!$B$13,"Weak / indirect","Gap"))) -> Partial overlap | N5: ISO and NIST both assign management responsibility. DPDP adds direct statutory liability on the Data Fiduciary (penalties up to INR 250 cr under the Schedule), which neither framework models. | O5: Extend ISMS roles into a privacy RACI naming the Data Fiduciary owner; add DPDP status to board reporting. | P5: High
A6: GOV-02 | B6: Governance & Accountability | C6: Governance | D6: Policies (security, privacy, retention) | E6: Cl. 5.2; A.5.1 | F6: GV.PO-01, GV.PO-02 | G6: S.5 and Rule 3 (notice); S.8(1) | H6: 3 | I6: 2 | J6: 2 | K6: =AVERAGE(H6:J6) -> 2.3333333 | L6: =AVERAGE(I6:J6) -> 2 | M6: =IF(L6>=Legend!$B$11,"Strong overlap",IF(L6>=Legend!$B$12,"Partial overlap",IF(L6>=Legend!$B$13,"Weak / indirect","Gap"))) -> Partial overlap | N6: Policy sets in ISO/NIST are security-centric. DPDP additionally needs an external-facing notice and internal privacy and retention policies. | O6: Add privacy, retention and consent policies to the ISMS policy set; align with the notice content required by Rule 3. | P6: High
A7: GOV-03 | B7: Governance & Accountability | C7: Governance | D7: Legal and regulatory obligations register | E7: Cl. 4.2; A.5.31, A.5.36 | F7: GV.OC-03 | G7: S.3 (applicability, extraterritorial reach); S.17 (exemptions) | H7: 3 | I7: 3 | J7: 2 | K7: =AVERAGE(H7:J7) -> 2.6666667 | L7: =AVERAGE(I7:J7) -> 2.5 | M7: =IF(L7>=Legend!$B$11,"Strong overlap",IF(L7>=Legend!$B$12,"Partial overlap",IF(L7>=Legend!$B$13,"Weak / indirect","Gap"))) -> Strong overlap | N7: Direct overlap: all three expect obligations to be identified. Action is to add the DPDP Act and Rules (and sector rules) to the register and determine applicability and exemptions. | O7: Add DPDP Act, Rules 2025 and sector rules (e.g. RBI, SEBI, IRDAI) to the register; record applicability decision. | P7: Medium
A8: GOV-04 | B8: Governance & Accountability | C8: Privacy-specific | D8: Privacy role: DPO or designated contact point | E8: A.5.2, A.5.4 (no DPO role in ISO 27001) | F8: GV.RR-02 | G8: S.8(9) and Rule 9 (publish contact); S.10(2)(a) (India-based DPO for SDF) | H8: 2 | I8: 1 | J8: 1 | K8: =AVERAGE(H8:J8) -> 1.3333333 | L8: =AVERAGE(I8:J8) -> 1 | M8: =IF(L8>=Legend!$B$11,"Strong overlap",IF(L8>=Legend!$B$12,"Partial overlap",IF(L8>=Legend!$B$13,"Weak / indirect","Gap"))) -> Weak / indirect | N8: GAP: neither framework requires a privacy officer or a published contact for Data Principals. SDFs must appoint a DPO based in India who reports to the board or equivalent. | O8: Appoint a DPO or contact person; publish contact details; assess SDF likelihood; ensure India residency if SDF. | P8: High
A9: GOV-05 | B9: Governance & Accountability | C9: Governance | D9: Ability to demonstrate compliance and keep records | E9: Cl. 7.5, 9.1 | F9: GV.OV-03, GV.PO-01 | G9: S.8(1), S.8(4) | H9: 3 | I9: 2 | J9: 2 | K9: =AVERAGE(H9:J9) -> 2.3333333 | L9: =AVERAGE(I9:J9) -> 2 | M9: =IF(L9>=Legend!$B$11,"Strong overlap",IF(L9>=Legend!$B$12,"Partial overlap",IF(L9>=Legend!$B$13,"Weak / indirect","Gap"))) -> Partial overlap | N9: ISO documented information and NIST oversight outcomes support evidence, but DPDP expects fiduciaries to show effective observance to the Board on inquiry. | O9: Build a DPDP evidence pack (consent logs, notices served, safeguard evidence, contracts) inside the ISMS document system. | P9: Medium
A10: RSK-01 | B10: Risk & Assurance | C10: Governance | D10: Risk assessment and treatment | E10: Cl. 6.1.2, 6.1.3, 8.2, 8.3 | F10: GV.RM-01 to GV.RM-04; ID.RA-04, ID.RA-05, ID.RA-06 | G10: S.8(5); S.10(2)(c) | H10: 3 | I10: 2 | J10: 2 | K10: =AVERAGE(H10:J10) -> 2.3333333 | L10: =AVERAGE(I10:J10) -> 2 | M10: =IF(L10>=Legend!$B$11,"Strong overlap",IF(L10>=Legend!$B$12,"Partial overlap",IF(L10>=Legend!$B$13,"Weak / indirect","Gap"))) -> Partial overlap | N10: ISO/NIST assess risk to the organisation; DPDP is concerned with harm to Data Principals and regulatory exposure. Method overlaps, criteria differ. | O10: Add privacy-harm criteria (impact on individuals, volume, children) to the risk methodology. | P10: High
A11: RSK-02 | B11: Risk & Assurance | C11: Privacy-specific | D11: Data Protection Impact Assessment and algorithmic due diligence (SDF) | E11: Cl. 6.1.2 (partial); A.5.34 | F11: ID.RA-04, ID.RA-05 (partial) | G11: S.10(2)(c); Rule 13 (periodic DPIA, audit, algorithmic software checks) | H11: 2 | I11: 1 | J11: 1 | K11: =AVERAGE(H11:J11) -> 1.3333333 | L11: =AVERAGE(I11:J11) -> 1 | M11: =IF(L11>=Legend!$B$11,"Strong overlap",IF(L11>=Legend!$B$12,"Partial overlap",IF(L11>=Legend!$B$13,"Weak / indirect","Gap"))) -> Weak / indirect | N11: GAP for SDFs: no DPIA method in ISO 27001 (ISO/IEC 27701 covers it) or CSF. Rule 13 also requires due diligence on algorithmic software used for personal data. | O11: Create a DPIA template and annual cycle; add algorithmic-software review to change management. | P11: Medium
A12: RSK-03 | B12: Risk & Assurance | C12: Governance | D12: Independent audit and management review | E12: Cl. 9.2, 9.3; A.5.35, A.5.36 | F12: GV.OV-01 to GV.OV-03; ID.IM-02 | G12: S.10(2)(b) (independent data auditor, SDF); Rule 13 | H12: 3 | I12: 2 | J12: 2 | K12: =AVERAGE(H12:J12) -> 2.3333333 | L12: =AVERAGE(I12:J12) -> 2 | M12: =IF(L12>=Legend!$B$11,"Strong overlap",IF(L12>=Legend!$B$12,"Partial overlap",IF(L12>=Legend!$B$13,"Weak / indirect","Gap"))) -> Partial overlap | N12: Internal and management review overlaps well; DPDP requires an independent data auditor for SDFs and a defined audit scope covering the Act. | O12: Add DPDP scope to internal audit programme; pre-qualify an independent data auditor. | P12: Medium
A13: RSK-04 | B13: Risk & Assurance | C13: Governance | D13: Continual improvement and corrective action | E13: Cl. 10.1, 10.2 | F13: ID.IM-01 to ID.IM-04 | G13: S.8(4) (indirect) | H13: 3 | I13: 1 | J13: 1 | K13: =AVERAGE(H13:J13) -> 1.6666667 | L13: =AVERAGE(I13:J13) -> 1 | M13: =IF(L13>=Legend!$B$11,"Strong overlap",IF(L13>=Legend!$B$12,"Partial overlap",IF(L13>=Legend!$B$13,"Weak / indirect","Gap"))) -> Weak / indirect | N13: Good process overlap; DPDP has no explicit improvement clause but expects measures to remain effective. | O13: Feed Board directions, complaints and DPIA findings into the ISMS corrective-action log. | P13: Low
A14: AST-01 | B14: Asset & Data Management | C14: Privacy-specific | D14: Inventory of assets and personal data (data map) | E14: A.5.9, A.5.10, A.5.11 | F14: ID.AM-01, ID.AM-02, ID.AM-03, ID.AM-07 | G14: Implicit in S.8 and S.11 (right to summary of data and processors) | H14: 3 | I14: 1 | J14: 1 | K14: =AVERAGE(H14:J14) -> 1.6666667 | L14: =AVERAGE(I14:J14) -> 1 | M14: =IF(L14>=Legend!$B$11,"Strong overlap",IF(L14>=Legend!$B$12,"Partial overlap",IF(L14>=Legend!$B$13,"Weak / indirect","Gap"))) -> Weak / indirect | N14: ISO/NIST inventory assets and data generally. DPDP has no record-of-processing requirement, but notices, rights and erasure are unworkable without a purpose-level personal data map. | O14: Extend the asset register with personal-data fields: purpose, legal ground, processor, retention, location. | P14: High
A15: AST-02 | B15: Asset & Data Management | C15: Governance | D15: Information classification and labelling | E15: A.5.12, A.5.13 | F15: ID.AM-05; PR.DS-01 | G15: No equivalent (single category of personal data); sensitivity only relevant to SDF designation, S.10(1) | H15: 3 | I15: 1 | J15: 1 | K15: =AVERAGE(H15:J15) -> 1.6666667 | L15: =AVERAGE(I15:J15) -> 1 | M15: =IF(L15>=Legend!$B$11,"Strong overlap",IF(L15>=Legend!$B$12,"Partial overlap",IF(L15>=Legend!$B$13,"Weak / indirect","Gap"))) -> Weak / indirect | N15: DPDP has no 'sensitive personal data' tier, so existing classification schemes do not map one-to-one. Add a 'personal data' label and children's-data flag. | O15: Add personal-data and children's-data tags to the classification scheme. | P15: Medium
A16: AST-03 | B16: Asset & Data Management | C16: Privacy-specific | D16: Data minimisation and purpose limitation | E16: A.5.34, A.8.11 (masking) | F16: No direct outcome | G16: S.4, S.6(1) (consent limited to specified purpose) | H16: 1 | I16: 1 | J16: 0 | K16: =AVERAGE(H16:J16) -> 0.66666667 | L16: =AVERAGE(I16:J16) -> 0.5 | M16: =IF(L16>=Legend!$B$11,"Strong overlap",IF(L16>=Legend!$B$12,"Partial overlap",IF(L16>=Legend!$B$13,"Weak / indirect","Gap"))) -> Weak / indirect | N16: GAP: CSF has no purpose-limitation outcome; ISO 27001 only points to PII protection generally. | O16: Embed purpose and necessity checks in project intake and system design (privacy by design). | P16: High
... A39: SUP-02 | B39: Supplier & Transfers | C39: Privacy-specific | D39: Cross-border transfers | E39: A.5.14, A.5.19 to A.5.23 (indirect) | F39: GV.SC (indirect) | G39: S.16; Rule 15; Rule 13 (data localisation for specified SDF data) | H39: 1 | I39: 1 | J39: 0 | K39: =AVERAGE(H39:J39) -> 0.66666667 | L39: =AVERAGE(I39:J39) -> 0.5 | M39: =IF(L39>=Legend!$B$11,"Strong overlap",IF(L39>=Legend!$B$12,"Partial overlap",IF(L39>=Legend!$B$13,"Weak / indirect","Gap"))) -> Weak / indirect | N39: GAP: DPDP uses a restricted-country model rather than blanket localisation, but Central Government may restrict countries, SDFs may face localisation, and stricter sector laws continue to apply (S.16(2)). | O39: Map cross-border flows; monitor notified restrictions; check sector regulator localisation rules. | P39: Medium

Sheet Gap_Register
A1: Gap Register: where ISO 27001 / NIST CSF alignment does not satisfy DPDP
A2: Requirement, DPDP provision, coverage and priority are pulled from Mapping_Matrix by ID (green = cross-sheet lookup). Other columns are inputs.
A4: Gap ID | B4: Matrix ID | C4: Requirement | D4: DPDP provision | E4: DPDP coverage | F4: Status | G4: Priority | H4: Gap type | I4: Gap description | J4: Remediation | K4: Suggested owner | L4: Effort | M4: Target / enforcement date
A5: GAP-01 | B5: CON-01 | C5: =INDEX(Mapping_Matrix!$D$5:$D$39,MATCH($B5,Mapping_Matrix!$A$5:$A$39,0)) -> Notice to Data Principals | D5: =INDEX(Mapping_Matrix!$G$5:$G$39,MATCH($B5,Mapping_Matrix!$A$5:$A$39,0)) -> S.5; Rule 3 (standalone, itemised notice) | E5: =INDEX(Mapping_Matrix!$L$5:$L$39,MATCH($B5,Mapping_Matrix!$A$5:$A$39,0)) -> 0 | F5: =INDEX(Mapping_Matrix!$M$5:$M$39,MATCH($B5,Mapping_Matrix!$A$5:$A$39,0)) -> Gap | G5: =INDEX(Mapping_Matrix!$P$5:$P$39,MATCH($B5,Mapping_Matrix!$A$5:$A$39,0)) -> Critical | H5: Missing control | I5: No standalone, itemised notice process | J5: Design notice templates per purpose; version control; proof of delivery | K5: Legal / DPO | L5: Medium | M5: 13 May 2027
A6: GAP-02 | B6: CON-02 | C6: =INDEX(Mapping_Matrix!$D$5:$D$39,MATCH($B6,Mapping_Matrix!$A$5:$A$39,0)) -> Consent capture, withdrawal, legitimate uses and Consent Managers | D6: =INDEX(Mapping_Matrix!$G$5:$G$39,MATCH($B6,Mapping_Matrix!$A$5:$A$39,0)) -> S.6, S.7; Rule 4 (Consent Manager registration) | E6: =INDEX(Mapping_Matrix!$L$5:$L$39,MATCH($B6,Mapping_Matrix!$A$5:$A$39,0)) -> 0 | F6: =INDEX(Mapping_Matrix!$M$5:$M$39,MATCH($B6,Mapping_Matrix!$A$5:$A$39,0)) -> Gap | G6: =INDEX(Mapping_Matrix!$P$5:$P$39,MATCH($B6,Mapping_Matrix!$A$5:$A$39,0)) -> Critical | H6: Missing control | I6: No purpose-wise consent capture, withdrawal or Consent Manager integration | J6: Deploy consent management platform; integrate with Consent Manager APIs | K6: Product / IT | L6: High | M6: Consent Manager provisions ~Nov 2026; rest 13 May 2027
A7: GAP-03 | B7: CON-03 | C7: =INDEX(Mapping_Matrix!$D$5:$D$39,MATCH($B7,Mapping_Matrix!$A$5:$A$39,0)) -> Children's data and persons with disabilities | D7: =INDEX(Mapping_Matrix!$G$5:$G$39,MATCH($B7,Mapping_Matrix!$A$5:$A$39,0)) -> S.9; Rules 10-12 (verifiable parental consent; no tracking, behavioural monitoring or targeted ads to children) | E7: =INDEX(Mapping_Matrix!$L$5:$L$39,MATCH($B7,Mapping_Matrix!$A$5:$A$39,0)) -> 0 | F7: =INDEX(Mapping_Matrix!$M$5:$M$39,MATCH($B7,Mapping_Matrix!$A$5:$A$39,0)) -> Gap | G7: =INDEX(Mapping_Matrix!$P$5:$P$39,MATCH($B7,Mapping_Matrix!$A$5:$A$39,0)) -> Critical | H7: Missing control | I7: No age-gating or verifiable parental consent; behavioural tracking not blocked for minors | J7: Age assurance flow; disable tracking and targeted ads for under-18s | K7: Product / Legal | L7: High | M7: 13 May 2027
A8: GAP-04 | B8: RTS-01 | C8: =INDEX(Mapping_Matrix!$D$5:$D$39,MATCH($B8,Mapping_Matrix!$A$5:$A$39,0)) -> Right to information about personal data | D8: =INDEX(Mapping_Matrix!$G$5:$G$39,MATCH($B8,Mapping_Matrix!$A$5:$A$39,0)) -> S.11; Rule 14 | E8: =INDEX(Mapping_Matrix!$L$5:$L$39,MATCH($B8,Mapping_Matrix!$A$5:$A$39,0)) -> 0.5 | F8: =INDEX(Mapping_Matrix!$M$5:$M$39,MATCH($B8,Mapping_Matrix!$A$5:$A$39,0)) -> Weak / indirect | G8: =INDEX(Mapping_Matrix!$P$5:$P$39,MATCH($B8,Mapping_Matrix!$A$5:$A$39,0)) -> High | H8: Missing control | I8: No process to tell Data Principals what data and which processors are involved | J8: DSR portal with identity verification; link to data map | K8: Privacy Ops | L8: Medium | M8: 13 May 2027
A9: GAP-05 | B9: RTS-02 | C9: =INDEX(Mapping_Matrix!$D$5:$D$39,MATCH($B9,Mapping_Matrix!$A$5:$A$39,0)) -> Right to correction and erasure | D9: =INDEX(Mapping_Matrix!$G$5:$G$39,MATCH($B9,Mapping_Matrix!$A$5:$A$39,0)) -> S.12; Rule 14 | E9: =INDEX(Mapping_Matrix!$L$5:$L$39,MATCH($B9,Mapping_Matrix!$A$5:$A$39,0)) -> 1 | F9: =INDEX(Mapping_Matrix!$M$5:$M$39,MATCH($B9,Mapping_Matrix!$A$5:$A$39,0)) -> Weak / indirect | G9: =INDEX(Mapping_Matrix!$P$5:$P$39,MATCH($B9,Mapping_Matrix!$A$5:$A$39,0)) -> High | H9: Partial control | I9: Correction and erasure requests not propagated to processors | J9: Extend DSR workflow; add processor SLAs | K9: Privacy Ops / IT | L9: Medium | M9: 13 May 2027
A10: GAP-06 | B10: RTS-03 | C10: =INDEX(Mapping_Matrix!$D$5:$D$39,MATCH($B10,Mapping_Matrix!$A$5:$A$39,0)) -> Grievance redressal and right to nominate | D10: =INDEX(Mapping_Matrix!$G$5:$G$39,MATCH($B10,Mapping_Matrix!$A$5:$A$39,0)) -> S.8(10), S.13, S.14; Rule 14 | E10: =INDEX(Mapping_Matrix!$L$5:$L$39,MATCH($B10,Mapping_Matrix!$A$5:$A$39,0)) -> 0 | F10: =INDEX(Mapping_Matrix!$M$5:$M$39,MATCH($B10,Mapping_Matrix!$A$5:$A$39,0)) -> Gap | G10: =INDEX(Mapping_Matrix!$P$5:$P$39,MATCH($B10,Mapping_Matrix!$A$5:$A$39,0)) -> Critical | H10: Missing control | I10: No published grievance channel or nomination handling | J10: Grievance channel, ticketing and closure SLAs | K10: DPO | L10: Low | M10: 13 May 2027
A11: GAP-07 | B11: INC-02 | C11: =INDEX(Mapping_Matrix!$D$5:$D$39,MATCH($B11,Mapping_Matrix!$A$5:$A$39,0)) -> Breach notification to Board and each affected Data Principal | D11: =INDEX(Mapping_Matrix!$G$5:$G$39,MATCH($B11,Mapping_Matrix!$A$5:$A$39,0)) -> S.8(6); Rule 7 (without delay to individuals; to the Board without delay, with detailed report within 72 hours) | E11: =INDEX(Mapping_Matrix!$L$5:$L$39,MATCH($B11,Mapping_Matrix!$A$5:$A$39,0)) -> 1 | F11: =INDEX(Mapping_Matrix!$M$5:$M$39,MATCH($B11,Mapping_Matrix!$A$5:$A$39,0)) -> Weak / indirect | G11: =INDEX(Mapping_Matrix!$P$5:$P$39,MATCH($B11,Mapping_Matrix!$A$5:$A$39,0)) -> Critical | H11: Prescriptive-detail gap | I11: IR plan lacks Board and individual notification steps and 72-hour detailed report | J11: Update IR plan, templates, decision log; run tabletop | K11: CISO / DPO | L11: Low | M11: 13 May 2027
A12: GAP-08 | B12: AST-01 | C12: =INDEX(Mapping_Matrix!$D$5:$D$39,MATCH($B12,Mapping_Matrix!$A$5:$A$39,0)) -> Inventory of assets and personal data (data map) | D12: =INDEX(Mapping_Matrix!$G$5:$G$39,MATCH($B12,Mapping_Matrix!$A$5:$A$39,0)) -> Implicit in S.8 and S.11 (right to summary of data and processors) | E12: =INDEX(Mapping_Matrix!$L$5:$L$39,MATCH($B12,Mapping_Matrix!$A$5:$A$39,0)) -> 1 | F12: =INDEX(Mapping_Matrix!$M$5:$M$39,MATCH($B12,Mapping_Matrix!$A$5:$A$39,0)) -> Weak / indirect | G12: =INDEX(Mapping_Matrix!$P$5:$P$39,MATCH($B12,Mapping_Matrix!$A$5:$A$39,0)) -> High | H12: Scope gap | I12: Asset inventory lacks personal-data attributes | J12: Add purpose, legal ground, processor, retention, location fields | K12: IT / Privacy | L12: Medium | M12: 13 May 2027
A13: GAP-09 | B13: AST-03 | C13: =INDEX(Mapping_Matrix!$D$5:$D$39,MATCH($B13,Mapping_Matrix!$A$5:$A$39,0)) -> Data minimisation and purpose limitation | D13: =INDEX(Mapping_Matrix!$G$5:$G$39,MATCH($B13,Mapping_Matrix!$A$5:$A$39,0)) -> S.4, S.6(1) (consent limited to specified purpose) | E13: =INDEX(Mapping_Matrix!$L$5:$L$39,MATCH($B13,Mapping_Matrix!$A$5:$A$39,0)) -> 0.5 | F13: =INDEX(Mapping_Matrix!$M$5:$M$39,MATCH($B13,Mapping_Matrix!$A$5:$A$39,0)) -> Weak / indirect | G13: =INDEX(Mapping_Matrix!$P$5:$P$39,MATCH($B13,Mapping_Matrix!$A$5:$A$39,0)) -> High | H13: Missing control | I13: No purpose limitation or minimisation checks in change and project intake | J13: Privacy-by-design checklist in SDLC and procurement | K13: Engineering / DPO | L13: Medium | M13: 13 May 2027
A14: GAP-10 | B14: AST-05 | C14: =INDEX(Mapping_Matrix!$D$5:$D$39,MATCH($B14,Mapping_Matrix!$A$5:$A$39,0)) -> Retention and erasure | D14: =INDEX(Mapping_Matrix!$G$5:$G$39,MATCH($B14,Mapping_Matrix!$A$5:$A$39,0)) -> S.8(7); Rule 8 (erasure on withdrawal or purpose end; advance notice; specified retention) | E14: =INDEX(Mapping_Matrix!$L$5:$L$39,MATCH($B14,Mapping_Matrix!$A$5:$A$39,0)) -> 1.5 | F14: =INDEX(Mapping_Matrix!$M$5:$M$39,MATCH($B14,Mapping_Matrix!$A$5:$A$39,0)) -> Partial overlap | G14: =INDEX(Mapping_Matrix!$P$5:$P$39,MATCH($B14,Mapping_Matrix!$A$5:$A$39,0)) -> High | H14: Prescriptive-detail gap | I14: Retention triggers and erasure workflow not tied to consent withdrawal or purpose end | J14: Retention schedule; automated erasure; reconcile with log retention | K14: IT / Legal | L14: High | M14: 13 May 2027
A15: GAP-11 | B15: RSK-02 | C15: =INDEX(Mapping_Matrix!$D$5:$D$39,MATCH($B15,Mapping_Matrix!$A$5:$A$39,0)) -> Data Protection Impact Assessment and algorithmic due diligence (SDF) | D15: =INDEX(Mapping_Matrix!$G$5:$G$39,MATCH($B15,Mapping_Matrix!$A$5:$A$39,0)) -> S.10(2)(c); Rule 13 (periodic DPIA, audit, algorithmic software checks) | E15: =INDEX(Mapping_Matrix!$L$5:$L$39,MATCH($B15,Mapping_Matrix!$A$5:$A$39,0)) -> 1 | F15: =INDEX(Mapping_Matrix!$M$5:$M$39,MATCH($B15,Mapping_Matrix!$A$5:$A$39,0)) -> Weak / indirect | G15: =INDEX(Mapping_Matrix!$P$5:$P$39,MATCH($B15,Mapping_Matrix!$A$5:$A$39,0)) -> Medium | H15: Missing control | I15: No DPIA method or algorithmic due-diligence (relevant if SDF) | J15: DPIA template and annual cycle | K15: DPO / Risk | L15: Medium | M15: 13 May 2027
A16: GAP-12 | B16: GOV-04 | C16: =INDEX(Mapping_Matrix!$D$5:$D$39,MATCH($B16,Mapping_Matrix!$A$5:$A$39,0)) -> Privacy role: DPO or designated contact point | D16: =INDEX(Mapping_Matrix!$G$5:$G$39,MATCH($B16,Mapping_Matrix!$A$5:$A$39,0)) -> S.8(9) and Rule 9 (publish contact); S.10(2)(a) (India-based DPO for SDF) | E16: =INDEX(Mapping_Matrix!$L$5:$L$39,MATCH($B16,Mapping_Matrix!$A$5:$A$39,0)) -> 1 | F16: =INDEX(Mapping_Matrix!$M$5:$M$39,MATCH($B16,Mapping_Matrix!$A$5:$A$39,0)) -> Weak / indirect | G16: =INDEX(Mapping_Matrix!$P$5:$P$39,MATCH($B16,Mapping_Matrix!$A$5:$A$39,0)) -> High | H16: Missing control | I16: No DPO or published contact; India-residency requirement if SDF | J16: Appoint DPO; publish contact; SDF self-assessment | K16: Board / Legal | L16: Low | M16: 13 May 2027
... A18: GAP-14 | B18: SEC-04 | C18: =INDEX(Mapping_Matrix!$D$5:$D$39,MATCH($B18,Mapping_Matrix!$A$5:$A$39,0)) -> Logging, monitoring and log retention | D18: =INDEX(Mapping_Matrix!$G$5:$G$39,MATCH($B18,Mapping_Matrix!$A$5:$A$39,0)) -> Rule 6(1)(c), 6(1)(e) (monitoring; retention of logs and data for a specified minimum period) | E18: =INDEX(Mapping_Matrix!$L$5:$L$39,MATCH($B18,Mapping_Matrix!$A$5:$A$39,0)) -> 2 | F18: =INDEX(Mapping_Matrix!$M$5:$M$39,MATCH($B18,Mapping_Matrix!$A$5:$A$39,0)) -> Partial overlap | G18: =INDEX(Mapping_Matrix!$P$5:$P$39,MATCH($B18,Mapping_Matrix!$A$5:$A$39,0)) -> Medium | H18: Prescriptive-detail gap | I18: Log retention not set to the Rule 6 minimum | J18: Set retention; secure log store | K18: SecOps | L18: Low | M18: 13 May 2027

Sheet Framework_Overview
A1: Framework Overview
A3: Attribute | B3: ISO/IEC 27001:2022 | C3: NIST CSF 2.0 | D3: India DPDP Act 2023 + Rules 2025
A4: Nature | B4: International certifiable management-system standard | C4: Voluntary, outcome-based cybersecurity framework | D4: National statute with subordinate Rules
A5: Issuer | B5: ISO/IEC | C5: US NIST (published Feb 2024; supersedes v1.1) | D5: Government of India (MeitY); enforced by Data Protection Board of India
A6: Structure | B6: ISMS clauses 4-10 plus Annex A: 93 controls in 4 themes (Organizational 37, People 8, Physical 14, Technological 34) | C6: 6 Functions (Govern, Identify, Protect, Detect, Respond, Recover), 22 Categories, 106 Subcategories | D6: Act sections on notice, consent, fiduciary duties, rights, SDF duties, transfers, Board and penalties; Rules give operational detail
A7: Primary objective | B7: Protect confidentiality, integrity and availability of information via a managed ISMS | C7: Manage and communicate cybersecurity risk outcomes | D7: Protect digital personal data and rights of Data Principals; lawful processing
A8: Scope of protected asset | B8: All information assets in ISMS scope | C8: Organisation's technology and data assets | D8: Digital personal data (and digitised personal data) processed in India, or outside India when offering goods or services to persons in India
A9: Assurance / enforcement | B9: Third-party certification and surveillance audits | C9: Self-assessment; Profiles and Tiers; no certification | D9: Regulatory enforcement; penalties up to INR 250 crore per security-safeguard failure; no certification scheme
A10: Privacy coverage | B10: Minimal (A.5.34); privacy handled by ISO/IEC 27701 extension | C10: Limited (privacy risk touched in Govern/Identify) | D10: Core purpose
A11: Timing | B11: In force; 2013 certificates transitioned to 2022 by Oct 2025 | C11: In force | D11: Board live since Nov 2025; Consent Managers ~Nov 2026; most duties ~12-13 May 2027
A12: Strength for mapping | B12: Detailed, auditable control set | C12: Common language for boards and regulators; adds Govern and supply chain | D12: Legally binding; defines minimum safeguards in Rule 6 and breach clock in Rule 7
A13: Limitation for mapping | B13: No privacy lifecycle, consent or rights | C13: No legal privacy obligations | D13: Silent on many technical controls beyond Rule 6; reasonableness judged case by case

Sheet Legend
A1: Legend, scoring scale and assumptions
A3: Score | B3: Meaning
A4: 3 | B4: Strong: direct, near one-to-one alignment of intent and control
A5: 2 | B5: Partial: same objective, but differs in scope, prescription or evidence expected (or requirement is only implied)
A6: 1 | B6: Weak: indirect or generic reference only
A7: 0 | B7: None: not addressed
A9: Status thresholds (editable inputs, applied to 'DPDP coverage via ISO+NIST' = average of ISO↔DPDP and NIST↔DPDP)
A10: Status | B10: Minimum coverage score
A11: Strong overlap | B11: 2.5
A12: Partial overlap | B12: 1.5
A13: Weak / indirect | B13: 0.5
A14: Gap | B14: Below the 'Weak / indirect' threshold
A16: Assumptions and limitations
A17: 1. Scores are the author's professional-judgement assessments of alignment, not certified or regulator-endorsed equivalences. Validate with counsel and your auditor.
A18: 2. ISO/IEC 27001:2022 references use the 2022 Annex A numbering (93 controls). NIST references use CSF 2.0 (Feb 2024) subcategory IDs, listed at representative level.
A19: 3. DPDP references are to the Digital Personal Data Protection Act, 2023 and the DPDP Rules, 2025 (notified Nov 2025). Rule numbers and the exact figures (e.g. retention period, grievance period) should be checked against the Gazette text before being relied on.
A20: 4. DPDP phasing (per public law-firm summaries): Data Protection Board provisions effective from notification (Nov 2025); Consent Manager provisions after ~12 months (about Nov 2026); remaining substantive obligations after ~18 months (about 12-13 May 2027; sources differ by a day).
A21: 5. Privacy-specific rows (consent, notice, rights, children) have no counterpart in ISO 27001 or the CSF; ISO/IEC 27701 is the natural bridging standard and is out of scope of the three-way mapping here.
A22: 6. Priority is a suggested remediation priority driven by penalty exposure and effort, not a legal ranking. Blue font = hardcoded input; black = formula; green = cross-sheet link.
A23: Sources: ISO/IEC 27001:2022; NIST CSF 2.0 (NIST, Feb 2024); DPDP Act 2023 and DPDP Rules 2025 (MeitY); public commentary on phasing (AZB & Partners; Sansa Legal; Anand and Anand).
